nadrzedna,category
Wczasy,Wakacje w zimie 2020
Wczasy,Bon turystyczny
Wczasy,Turcja
Wczasy,Malta
Wczasy,Szwajcaria
Wczasy,Promocje
Wczasy,Ogólne warunki ubezpieczenia
Wczasy,Karty Podarunkowe
Wczasy,Opinie o hotelach
Wakacje w Polsce,Wakacje w zimie 2020
Wakacje w Polsce,Bon turystyczny
Wakacje w Polsce,Turcja
Wakacje w Polsce,Malta
Wakacje w Polsce,Szwajcaria
Wakacje w Polsce,Promocje
Wakacje w Polsce,Ogólne warunki ubezpieczenia
Wakacje w Polsce,Karty Podarunkowe
Wakacje w Polsce,Opinie o hotelach
Lato 2021,Wakacje w zimie 2020
Lato 2021,Bon turystyczny
Lato 2021,Turcja
Lato 2021,Malta
Lato 2021,Szwajcaria
Lato 2021,Promocje
Lato 2021,Ogólne warunki ubezpieczenia
Lato 2021,Karty Podarunkowe
Lato 2021,Opinie o hotelach
Super Last Minute,Wakacje w zimie 2020
Super Last Minute,Bon turystyczny
Super Last Minute,Turcja
Super Last Minute,Malta
Super Last Minute,Szwajcaria
Super Last Minute,Promocje
Super Last Minute,Ogólne warunki ubezpieczenia
Super Last Minute,Karty Podarunkowe
Super Last Minute,Opinie o hotelach
Narty,Wakacje w zimie 2020
Narty,Bon turystyczny
Narty,Turcja
Narty,Malta
Narty,Szwajcaria
Narty,Promocje
Narty,Ogólne warunki ubezpieczenia
Narty,Karty Podarunkowe
Narty,Opinie o hotelach
Wycieczki objazdowe,Wakacje w zimie 2020
Wycieczki objazdowe,Bon turystyczny
Wycieczki objazdowe,Turcja
Wycieczki objazdowe,Malta
Wycieczki objazdowe,Szwajcaria
Wycieczki objazdowe,Promocje
Wycieczki objazdowe,Ogólne warunki ubezpieczenia
Wycieczki objazdowe,Karty Podarunkowe
Wycieczki objazdowe,Opinie o hotelach
